-- use CentralPark;
USE master
GO


IF EXISTS(
	SELECT name
	FROM sys.databases
	WHERE name = 'CentralPark'
	)
	BEGIN
	ALTER DATABASE CentralPark SET SINGLE_USER WITH ROLLBACK IMMEDIATE;
	DROP DATABASE CentralPark;
	END
GO

CREATE DATABASE CentralPark;
GO
-- create CLIENT entity

USE CentralPark;

IF OBJECT_ID('CLIENT', 'U') IS NOT NULL
BEGIN
	IF OBJECT_ID('SUPERVISOR_LOCATION', 'U') IS NOT NULL
		DROP TABLE SUPERVISOR_LOCATION
	IF OBJECT_ID('MANAGER_LOCATION', 'U') IS NOT NULL
		DROP TABLE MANAGER_LOCATION
	IF OBJECT_ID('VISIT_LOG', 'U') IS NOT NULL
		DROP TABLE VISIT_LOG
	IF OBJECT_ID('TRANSACTIONS', 'U') IS NOT NULL
		DROP TABLE TRANSACTIONS
	IF OBJECT_ID('PARTS_LINE', 'U') IS NOT NULL
		DROP TABLE PARTS_LINE
	IF OBJECT_ID('METER', 'U') IS NOT NULL
			DROP TABLE METER
	IF OBJECT_ID('INFRACTION_LINE', 'U') IS NOT NULL
			DROP TABLE INFRACTION_LINE
	IF OBJECT_ID('NOTICE', 'U') IS NOT NULL
		DROP TABLE NOTICE
	IF OBJECT_ID('LOCATION', 'U') IS NOT NULL
		DROP TABLE LOCATION
	IF OBJECT_ID('CLIENT', 'U') IS NOT NULL
			DROP TABLE CLIENT
	IF OBJECT_ID('PARTS', 'U') IS NOT NULL
		DROP TABLE PARTS
	IF OBJECT_ID('PARTS_MANUFACTURER', 'U') IS NOT NULL
		DROP TABLE PARTS_MANUFACTURER
	IF OBJECT_ID('PATROL_UNIT', 'U') IS NOT NULL
		DROP TABLE PATROL_UNIT
	IF OBJECT_ID('PATROL_CAR', 'U') IS NOT NULL
		DROP TABLE PATROL_CAR
	IF OBJECT_ID('EMPLOYEE', 'U') IS NOT NULL
		DROP TABLE EMPLOYEE
END
GO

CREATE TABLE CLIENT(
	CLIENT_ID CHAR(6) NOT NULL UNIQUE,
	CLIENT_FNAME VARCHAR(15) NOT NULL,
	CLIENT_LNAME VARCHAR(15) NOT NULL,
	CLIENT_BUS_NAME VARCHAR(30),
	CLIENT_PHONE CHAR(11),
	PRIMARY KEY(CLIENT_ID));
GO

-- populate CLIENT
INSERT INTO CLIENT (CLIENT_ID, CLIENT_FNAME, CLIENT_LNAME, CLIENT_BUS_NAME, CLIENT_PHONE)
VALUES(001,'Christie', 'Saber', 'Ranchero', 6043456453)

INSERT INTO CLIENT (CLIENT_ID, CLIENT_FNAME, CLIENT_LNAME, CLIENT_BUS_NAME, CLIENT_PHONE)
VALUES(002,'Dread', 'Locke', 'Beanie Ltd', 6049574201)

INSERT INTO CLIENT (CLIENT_ID, CLIENT_FNAME, CLIENT_LNAME, CLIENT_BUS_NAME, CLIENT_PHONE)
VALUES(003,'Comique', 'Sansa', 'Font-Tune 500', 7783209453)

INSERT INTO CLIENT (CLIENT_ID, CLIENT_FNAME, CLIENT_LNAME, CLIENT_BUS_NAME, CLIENT_PHONE)
VALUES(004,'Eddard', 'Stark', 'Best Winter Tire', 7780122422)

INSERT INTO CLIENT (CLIENT_ID, CLIENT_FNAME, CLIENT_LNAME, CLIENT_BUS_NAME, CLIENT_PHONE)
VALUES(005,'Robert', 'Baratheon', 'King Sushi', 6045828559)

INSERT INTO CLIENT (CLIENT_ID, CLIENT_FNAME, CLIENT_LNAME, CLIENT_BUS_NAME, CLIENT_PHONE)
VALUES(006,'Jamie', 'Lannister', 'Security 365 Ltd', 7784216589)

INSERT INTO CLIENT (CLIENT_ID, CLIENT_FNAME, CLIENT_LNAME, CLIENT_BUS_NAME, CLIENT_PHONE)
VALUES(007,'Jon', 'Snow', 'Eco Focus', 7783215478)

INSERT INTO CLIENT (CLIENT_ID, CLIENT_FNAME, CLIENT_LNAME, CLIENT_BUS_NAME, CLIENT_PHONE)
VALUES(008,'Theon', 'Greyjoy', 'Inspire Fitness Corp', 6046549874)

INSERT INTO CLIENT (CLIENT_ID, CLIENT_FNAME, CLIENT_LNAME, CLIENT_BUS_NAME, CLIENT_PHONE)
VALUES(009,'Khal', 'Drogo', 'Epic Adventure Inc', 6049874512)

INSERT INTO CLIENT (CLIENT_ID, CLIENT_FNAME, CLIENT_LNAME, CLIENT_BUS_NAME, CLIENT_PHONE)
VALUES(010,'Daenerys', 'Targaryen', 'Sanguine Skincare', 7783217845)

GO
-- create LOCATION entity

CREATE TABLE LOCATION(
	LOC_NUM INT NOT NULL UNIQUE,
	LOC_NAME VARCHAR(30) NOT NULL,
	LOC_STR_ADDR VARCHAR(30) NOT NULL,
	LOC_STALLS INT,
	CLIENT_ID CHAR(6) NOT NULL,
	LOC_PROTOCOL_TYPE VARCHAR(15),
	PRIMARY KEY(LOC_NUM),
	FOREIGN KEY(CLIENT_ID) REFERENCES CLIENT ON UPDATE CASCADE);

--Implementing CHECK constraint to restict values of LOC_PROTOCOL_TYPE

ALTER TABLE LOCATION
	ADD CONSTRAINT CHK_PROTOCOL CHECK(LOC_PROTOCOL_TYPE IN ('LIC PLATE', 'STALL NUMBER', 'IN OUT', 'ON DASH'));

-- populate LOCATION
INSERT INTO LOCATION (LOC_NUM, LOC_NAME, LOC_STR_ADDR, LOC_STALLS, CLIENT_ID, LOC_PROTOCOL_TYPE)
VALUES (001, 'Burrard Grand Hotel', '1066 Burrard Street', 145, 001, 'Lic Plate')

INSERT INTO LOCATION (LOC_NUM, LOC_NAME, LOC_STR_ADDR, LOC_STALLS, CLIENT_ID, LOC_PROTOCOL_TYPE)
VALUES (002, 'Trade-Y', '666 Mt.Lehman Road', 400, 002, 'Stall Number')

INSERT INTO LOCATION (LOC_NUM, LOC_NAME, LOC_STR_ADDR, LOC_STALLS, CLIENT_ID, LOC_PROTOCOL_TYPE)
VALUES (003, 'House of The Rising Burger', '1492 Columbus Way', 22, 003, 'On Dash')

INSERT INTO LOCATION (LOC_NUM, LOC_NAME, LOC_STR_ADDR, LOC_STALLS, CLIENT_ID, LOC_PROTOCOL_TYPE)
VALUES (004, 'Canada Palace', '999 Canada Street', 1200, 004, 'In Out')

INSERT INTO LOCATION (LOC_NUM, LOC_NAME, LOC_STR_ADDR, LOC_STALLS, CLIENT_ID, LOC_PROTOCOL_TYPE)
VALUES (005, 'Admire Arts Gallery', '789 Burrard Street', 500, 005, 'In Out')

INSERT INTO LOCATION (LOC_NUM, LOC_NAME, LOC_STR_ADDR, LOC_STALLS, CLIENT_ID, LOC_PROTOCOL_TYPE)
VALUES (006, 'Cipher Publishing', '4578 First Avenue', 200, 006, 'On Dash')

INSERT INTO LOCATION (LOC_NUM, LOC_NAME, LOC_STR_ADDR, LOC_STALLS, CLIENT_ID, LOC_PROTOCOL_TYPE)
VALUES (007, 'Moxie Marketing', '1278 Victoria Drive', 300, 007, 'On Dash')

INSERT INTO LOCATION (LOC_NUM, LOC_NAME, LOC_STR_ADDR, LOC_STALLS, CLIENT_ID, LOC_PROTOCOL_TYPE)
VALUES (008, 'Lambent MBA Campus', '945 Joyce Avenue', 100, 008, 'Stall Number')

INSERT INTO LOCATION (LOC_NUM, LOC_NAME, LOC_STR_ADDR, LOC_STALLS, CLIENT_ID, LOC_PROTOCOL_TYPE)
VALUES (009, 'Kingsroad Station', '21 Kingsroad Street', 400, 009, 'Stall Number')

INSERT INTO LOCATION (LOC_NUM, LOC_NAME, LOC_STR_ADDR, LOC_STALLS, CLIENT_ID, LOC_PROTOCOL_TYPE)
VALUES (010, 'Chinatown', '458 Hastings Street', 1200, 010, 'Lic Plate')


-- create PARTS_MANUFACTURER entity

CREATE TABLE PARTS_MANUFACTURER(
	MFR_ID CHAR(9) NOT NULL UNIQUE,
	MFR_NAME VARCHAR(30) NOT NULL,
	MFR_EMAIL VARCHAR(50),
	MFR_PHONE CHAR(11),
	PRIMARY KEY(MFR_ID));

-- populate PARTS_MANUFACTURER
INSERT INTO PARTS_MANUFACTURER (MFR_ID, MFR_NAME, MFR_EMAIL, MFR_PHONE)
VALUES (001, 'VenTrek', 'info@ventrek.com', 12354568237)

INSERT INTO PARTS_MANUFACTURER (MFR_ID, MFR_NAME, MFR_EMAIL, MFR_PHONE)
VALUES (002, 'Digital Meters', 'admin@digim.ca', 6048293475)

INSERT INTO PARTS_MANUFACTURER (MFR_ID, MFR_NAME, MFR_EMAIL, MFR_PHONE)
VALUES (003, 'Meter Shop Boys', 'inquiries@MSboys.ca', 7789043568)

INSERT INTO PARTS_MANUFACTURER (MFR_ID, MFR_NAME, MFR_EMAIL, MFR_PHONE)
VALUES (004, 'Manufacture Park Part', 'info@MPP.com', 7894561231)

INSERT INTO PARTS_MANUFACTURER (MFR_ID, MFR_NAME, MFR_EMAIL, MFR_PHONE)
VALUES (005, 'Donaldson Industries', 'admin@donaldson.ca', 6041112345)

INSERT INTO PARTS_MANUFACTURER (MFR_ID, MFR_NAME, MFR_EMAIL, MFR_PHONE)
VALUES (006, 'Park Figure', 'inquiries@parkfigure.ca', 7784560421)

INSERT INTO PARTS_MANUFACTURER (MFR_ID, MFR_NAME, MFR_EMAIL, MFR_PHONE)
VALUES (007, 'Big Automobile', 'info@bigautomobile.com', 1024577894)

INSERT INTO PARTS_MANUFACTURER (MFR_ID, MFR_NAME, MFR_EMAIL, MFR_PHONE)
VALUES (008, 'Park About', 'admin@parkabout.ca', 6043122879)

INSERT INTO PARTS_MANUFACTURER (MFR_ID, MFR_NAME, MFR_EMAIL, MFR_PHONE)
VALUES (009, 'Parking Mad', 'inquiries@parkingmad.ca', 7787984545)

INSERT INTO PARTS_MANUFACTURER (MFR_ID, MFR_NAME, MFR_EMAIL, MFR_PHONE)
VALUES (010, 'Fits and Parts', 'info@fitsandparts.com', 7894567897)


-- create METER entity

CREATE TABLE METER(
	MTR_NUM INT NOT NULL UNIQUE,
	LOC_NUM INT NOT NULL,
	MFR_ID CHAR(9),
	PRIMARY KEY(MTR_NUM),
	FOREIGN KEY(LOC_NUM) REFERENCES LOCATION,
	FOREIGN KEY(MFR_ID) REFERENCES PARTS_MANUFACTURER ON UPDATE CASCADE ON DELETE SET NULL);

-- populate METER 
	--loc1
INSERT INTO METER (MTR_NUM, LOC_NUM, MFR_ID)
VALUES (422345, 001, 001)
INSERT INTO METER (MTR_NUM, LOC_NUM, MFR_ID)
VALUES (422365, 001, 001)
INSERT INTO METER (MTR_NUM, LOC_NUM, MFR_ID)
VALUES (422375, 001, 001)

	--loc2
INSERT INTO METER (MTR_NUM, LOC_NUM, MFR_ID)
VALUES (4221345, 002, 001)
INSERT INTO METER (MTR_NUM, LOC_NUM, MFR_ID)
VALUES (4221346, 002, 001)
INSERT INTO METER (MTR_NUM, LOC_NUM, MFR_ID)
VALUES (4221347, 002, 001)

	--loc3
INSERT INTO METER (MTR_NUM, LOC_NUM, MFR_ID)
VALUES (4224465, 003, 002)

	--loc4
INSERT INTO METER (MTR_NUM, LOC_NUM, MFR_ID)
VALUES (4220998, 004, 002)
INSERT INTO METER (MTR_NUM, LOC_NUM, MFR_ID)
VALUES (4220988, 004, 002)
INSERT INTO METER (MTR_NUM, LOC_NUM, MFR_ID)
VALUES (4220978, 004, 002)

	--loc5
INSERT INTO METER (MTR_NUM, LOC_NUM, MFR_ID)
VALUES (4121250, 005, 003)
INSERT INTO METER (MTR_NUM, LOC_NUM, MFR_ID)
VALUES (4121350, 005, 003)
INSERT INTO METER (MTR_NUM, LOC_NUM, MFR_ID)
VALUES (4121450, 005, 003)

	--loc6
INSERT INTO METER (MTR_NUM, LOC_NUM, MFR_ID)
VALUES (4000100, 006, 007)
INSERT INTO METER (MTR_NUM, LOC_NUM, MFR_ID)
VALUES (4000101, 006, 007)
INSERT INTO METER (MTR_NUM, LOC_NUM, MFR_ID)
VALUES (4000102, 006, 007)

	--loc7
INSERT INTO METER (MTR_NUM, LOC_NUM, MFR_ID)
VALUES (0410010, 007, 009)
INSERT INTO METER (MTR_NUM, LOC_NUM, MFR_ID)
VALUES (4010011, 007, 009)

	--loc8
INSERT INTO METER (MTR_NUM, LOC_NUM, MFR_ID)
VALUES (4078100, 008, 005)

	--loc9
INSERT INTO METER (MTR_NUM, LOC_NUM, MFR_ID)
VALUES (4056785, 009, 004)

	--loc10
INSERT INTO METER (MTR_NUM, LOC_NUM, MFR_ID)
VALUES (4000001, 010, 006)
INSERT INTO METER (MTR_NUM, LOC_NUM, MFR_ID)
VALUES (4000002, 010, 006)
INSERT INTO METER (MTR_NUM, LOC_NUM, MFR_ID)
VALUES (4000003, 010, 006)

-- create PARTS entity

CREATE TABLE PARTS(
	PARTS_ID VARCHAR(15) NOT NULL PRIMARY KEY,
	PARTS_DESCR VARCHAR(30) NOT NULL,
	PARTS_QOH INT NOT NULL,
	MFR_ID CHAR(9),
	FOREIGN KEY(MFR_ID) REFERENCES PARTS_MANUFACTURER ON UPDATE CASCADE);

-- populate PARTS
INSERT INTO PARTS (PARTS_ID, PARTS_DESCR, PARTS_QOH, MFR_ID)
VALUES (7845, 'QWERTY Keyboard', 8, 001)

INSERT INTO PARTS (PARTS_ID, PARTS_DESCR, PARTS_QOH, MFR_ID)
VALUES (6231, 'ABCD Keyboard', 12, 002)

INSERT INTO PARTS (PARTS_ID, PARTS_DESCR, PARTS_QOH, MFR_ID)
VALUES (1009, 'EMV Reader', 5, 001)

INSERT INTO PARTS (PARTS_ID, PARTS_DESCR, PARTS_QOH, MFR_ID)
VALUES (8207, 'Main Screen', 3, 002)

INSERT INTO PARTS (PARTS_ID, PARTS_DESCR, PARTS_QOH, MFR_ID)
VALUES (1116, 'Payment Screen', 3, 002)

INSERT INTO PARTS (PARTS_ID, PARTS_DESCR, PARTS_QOH, MFR_ID)
VALUES (3540, 'Modem', 7, 001)

INSERT INTO PARTS (PARTS_ID, PARTS_DESCR, PARTS_QOH, MFR_ID)
VALUES (8845, 'Batteries', 22, 002)

INSERT INTO PARTS (PARTS_ID, PARTS_DESCR, PARTS_QOH, MFR_ID)
VALUES (0912, 'Credit Card Reader', 7, 001)

INSERT INTO PARTS (PARTS_ID, PARTS_DESCR, PARTS_QOH, MFR_ID)
VALUES (0707, 'Coin Receptacle', 7, 001)

INSERT INTO PARTS (PARTS_ID, PARTS_DESCR, PARTS_QOH, MFR_ID)
VALUES (0105, 'Location Sticker', 200, 001)


CREATE TABLE PARTS_LINE(
	MTR_NUM INT NOT NULL,
	PARTS_LINE_NUM INT NOT NULL,
	PARTS_ID VARCHAR(15) NOT NULL,
	PRIMARY KEY(MTR_NUM, PARTS_LINE_NUM),
	FOREIGN KEY(MTR_NUM) REFERENCES METER,
	FOREIGN KEY(PARTS_ID) REFERENCES PARTS);

-- populate PARTS_LINE
	--Loc1
INSERT INTO PARTS_LINE (MTR_NUM, PARTS_LINE_NUM, PARTS_ID)
VALUES (422345, 1, 7845) 
INSERT INTO PARTS_LINE (MTR_NUM, PARTS_LINE_NUM, PARTS_ID)
VALUES (422345, 2, 1009) 
INSERT INTO PARTS_LINE (MTR_NUM, PARTS_LINE_NUM, PARTS_ID)
VALUES (422345, 3, 0707) 

INSERT INTO PARTS_LINE (MTR_NUM, PARTS_LINE_NUM, PARTS_ID)
VALUES (422365, 1, 7845) 
INSERT INTO PARTS_LINE (MTR_NUM, PARTS_LINE_NUM, PARTS_ID)
VALUES (422365, 2, 1009) 
INSERT INTO PARTS_LINE (MTR_NUM, PARTS_LINE_NUM, PARTS_ID)
VALUES (422365, 3, 0707) 

INSERT INTO PARTS_LINE (MTR_NUM, PARTS_LINE_NUM, PARTS_ID)
VALUES (422375, 1, 7845) 
INSERT INTO PARTS_LINE (MTR_NUM, PARTS_LINE_NUM, PARTS_ID)
VALUES (422375, 2, 1009) 
INSERT INTO PARTS_LINE (MTR_NUM, PARTS_LINE_NUM, PARTS_ID)
VALUES (422375, 3, 0707) 

	--loc2
INSERT INTO PARTS_LINE (MTR_NUM, PARTS_LINE_NUM, PARTS_ID)
VALUES (4221345, 1, 6231) 
INSERT INTO PARTS_LINE (MTR_NUM, PARTS_LINE_NUM, PARTS_ID)
VALUES (4221345, 2, 1009) 

INSERT INTO PARTS_LINE (MTR_NUM, PARTS_LINE_NUM, PARTS_ID)
VALUES (4221346, 1, 6231) 
INSERT INTO PARTS_LINE (MTR_NUM, PARTS_LINE_NUM, PARTS_ID)
VALUES (4221346, 2, 1009) 

INSERT INTO PARTS_LINE (MTR_NUM, PARTS_LINE_NUM, PARTS_ID)
VALUES (4221347, 1, 6231) 
INSERT INTO PARTS_LINE (MTR_NUM, PARTS_LINE_NUM, PARTS_ID)
VALUES (4221347, 2, 1009) 

	--loc3
INSERT INTO PARTS_LINE (MTR_NUM, PARTS_LINE_NUM, PARTS_ID)
VALUES (4224465, 1, 6231)
INSERT INTO PARTS_LINE (MTR_NUM, PARTS_LINE_NUM, PARTS_ID)
VALUES (4224465, 2, 1009)

	--loc4
INSERT INTO PARTS_LINE (MTR_NUM, PARTS_LINE_NUM, PARTS_ID)
VALUES (4220998, 1, 6231)
INSERT INTO PARTS_LINE (MTR_NUM, PARTS_LINE_NUM, PARTS_ID)
VALUES (4220998, 2, 1009)

INSERT INTO PARTS_LINE (MTR_NUM, PARTS_LINE_NUM, PARTS_ID)
VALUES (4220988, 1, 6231)
INSERT INTO PARTS_LINE (MTR_NUM, PARTS_LINE_NUM, PARTS_ID)
VALUES (4220988, 2, 1009)

INSERT INTO PARTS_LINE (MTR_NUM, PARTS_LINE_NUM, PARTS_ID)
VALUES (4220978, 1, 6231)
INSERT INTO PARTS_LINE (MTR_NUM, PARTS_LINE_NUM, PARTS_ID)
VALUES (4220978, 2, 1009)

-- create EMPLOYEE entity
CREATE TABLE EMPLOYEE(
	EMP_ID CHAR(8) NOT NULL PRIMARY KEY,
	EMP_FNAME VARCHAR(15) NOT NULL,
	EMP_LNAME VARCHAR(15) NOT NULL,
	EMP_STR_ADDR VARCHAR(50) NOT NULL,
	EMP_PHONE CHAR(11));

-- populate EMPLOYEE
INSERT INTO EMPLOYEE (EMP_ID, EMP_FNAME, EMP_LNAME, EMP_STR_ADDR, EMP_PHONE)
VALUES (001, 'Todd', 'Ladd', '1234 Rainbow Road', 6045213485)

INSERT INTO EMPLOYEE (EMP_ID, EMP_FNAME, EMP_LNAME, EMP_STR_ADDR, EMP_PHONE)
VALUES (002, 'Randy', 'Lahey', '420 LC Road', 6048364576)

INSERT INTO EMPLOYEE (EMP_ID, EMP_FNAME, EMP_LNAME, EMP_STR_ADDR, EMP_PHONE)
VALUES (003, 'Kanye', 'Weast', '808 Heartache Crescent', 6045213485)

INSERT INTO EMPLOYEE (EMP_ID, EMP_FNAME, EMP_LNAME, EMP_STR_ADDR, EMP_PHONE)
VALUES (004, 'Dayton', 'Greene', '56 Broken Dreams Boulevard', 6047450922)

INSERT INTO EMPLOYEE (EMP_ID, EMP_FNAME, EMP_LNAME, EMP_STR_ADDR, EMP_PHONE)
VALUES (005, 'Phoebe', 'Estes', '5432 Fullerton Avenue', 7789632582)

INSERT INTO EMPLOYEE (EMP_ID, EMP_FNAME, EMP_LNAME, EMP_STR_ADDR, EMP_PHONE)
VALUES (006, 'Coco', 'Baxter', '96 Commercial Drive', 6041478523)

INSERT INTO EMPLOYEE (EMP_ID, EMP_FNAME, EMP_LNAME, EMP_STR_ADDR, EMP_PHONE)
VALUES (007, 'Asha', 'Mohammed', '72 Kingsway', 6044578123)

INSERT INTO EMPLOYEE (EMP_ID, EMP_FNAME, EMP_LNAME, EMP_STR_ADDR, EMP_PHONE)
VALUES (008, 'Darlene', 'Rollins', '963 Nanaimo Street', 6045612784)

INSERT INTO EMPLOYEE (EMP_ID, EMP_FNAME, EMP_LNAME, EMP_STR_ADDR, EMP_PHONE)
VALUES (009, 'Catrin', 'Burke', '4578 Edmonds Avenue', 6048912457)

INSERT INTO EMPLOYEE (EMP_ID, EMP_FNAME, EMP_LNAME, EMP_STR_ADDR, EMP_PHONE)
VALUES (010, 'Kris', 'Lee', '7845 Royal Oak', 6047450922)

-- create SUPERVISOR_LOCATION entity

CREATE TABLE SUPERVISOR_LOCATION(
	EMP_ID CHAR(8) NOT NULL,
	LOC_NUM INT NOT NULL,
	SUP_START_DATE DATE NOT NULL,
	PRIMARY KEY(EMP_ID,LOC_NUM,SUP_START_DATE),
	FOREIGN KEY(EMP_ID) REFERENCES EMPLOYEE,
	FOREIGN KEY(LOC_NUM) REFERENCES LOCATION);

-- populate SUPERVISOR_LOCATION
INSERT INTO SUPERVISOR_LOCATION (EMP_ID, LOC_NUM, SUP_START_DATE)
VALUES (003, 004, '2016-09-22')

INSERT INTO SUPERVISOR_LOCATION (EMP_ID, LOC_NUM, SUP_START_DATE)
VALUES (003, 001, '2018-10-12')

INSERT INTO SUPERVISOR_LOCATION (EMP_ID, LOC_NUM, SUP_START_DATE)
VALUES (001, 002, '2019-04-17')

INSERT INTO SUPERVISOR_LOCATION (EMP_ID, LOC_NUM, SUP_START_DATE)
VALUES (001, 003, '2020-11-11')

INSERT INTO SUPERVISOR_LOCATION (EMP_ID, LOC_NUM, SUP_START_DATE)
VALUES (005, 005, '2016-12-22')

INSERT INTO SUPERVISOR_LOCATION (EMP_ID, LOC_NUM, SUP_START_DATE)
VALUES (005, 007, '2019-08-04')

INSERT INTO SUPERVISOR_LOCATION (EMP_ID, LOC_NUM, SUP_START_DATE)
VALUES (007, 006, '2019-04-15')

INSERT INTO SUPERVISOR_LOCATION (EMP_ID, LOC_NUM, SUP_START_DATE)
VALUES (007, 009, '2020-01-01')

INSERT INTO SUPERVISOR_LOCATION (EMP_ID, LOC_NUM, SUP_START_DATE)
VALUES (009, 008, '2016-05-05')

INSERT INTO SUPERVISOR_LOCATION (EMP_ID, LOC_NUM, SUP_START_DATE)
VALUES (009, 010, '2018-10-07')


-- create MANAGER_LOCATION entity

CREATE TABLE MANAGER_LOCATION(
	EMP_ID CHAR(8) NOT NULL,
	LOC_NUM INT NOT NULL,
	MGR_START_DATE DATE NOT NULL,
	PRIMARY KEY(EMP_ID,LOC_NUM,MGR_START_DATE),
	FOREIGN KEY(EMP_ID) REFERENCES EMPLOYEE,
	FOREIGN KEY(LOC_NUM) REFERENCES LOCATION);

-- populate MANAGER_LOCATION
INSERT INTO MANAGER_LOCATION (EMP_ID, LOC_NUM, MGR_START_DATE)
VALUES (002, 003, '2017-11-11')

INSERT INTO MANAGER_LOCATION (EMP_ID, LOC_NUM, MGR_START_DATE)
VALUES (002, 001, '2018-10-12')

INSERT INTO MANAGER_LOCATION (EMP_ID, LOC_NUM, MGR_START_DATE)
VALUES (004, 002, '2019-04-17')

INSERT INTO MANAGER_LOCATION (EMP_ID, LOC_NUM, MGR_START_DATE)
VALUES (004, 004, '2016-09-22')

INSERT INTO MANAGER_LOCATION (EMP_ID, LOC_NUM, MGR_START_DATE)
VALUES (006, 005, '2019-03-15')

INSERT INTO MANAGER_LOCATION (EMP_ID, LOC_NUM, MGR_START_DATE)
VALUES (006, 007, '2016-05-22')

INSERT INTO MANAGER_LOCATION (EMP_ID, LOC_NUM, MGR_START_DATE)
VALUES (008, 006, '2017-12-24')

INSERT INTO MANAGER_LOCATION (EMP_ID, LOC_NUM, MGR_START_DATE)
VALUES (008, 008, '2019-01-25')

INSERT INTO MANAGER_LOCATION (EMP_ID, LOC_NUM, MGR_START_DATE)
VALUES (010, 009, '2016-07-17')

INSERT INTO MANAGER_LOCATION (EMP_ID, LOC_NUM, MGR_START_DATE)
VALUES (010, 010, '2017-10-01')

-- create TRANSACTIONS entity

CREATE TABLE TRANSACTIONS(
	LOC_NUM INT NOT NULL,
	TRANS_NUM INT NOT NULL,
	TRANS_PAY_TYPE VARCHAR(15) NOT NULL,
	TRANS_PAY_AMOUNT NUMERIC(7,2) NOT NULL,
	TRANS_VALIDATION VARCHAR(30) NOT NULL,
	TRANS_TIME DATETIME NOT NULL,
	TRANS_EXPIRATION DATETIME NOT NULL,
	PRIMARY KEY(LOC_NUM,TRANS_NUM),
	FOREIGN KEY(LOC_NUM) REFERENCES LOCATION);

-- populate TRANSACTIONS
INSERT INTO TRANSACTIONS (LOC_NUM, TRANS_NUM, TRANS_PAY_TYPE, TRANS_PAY_AMOUNT, TRANS_VALIDATION, TRANS_TIME, TRANS_EXPIRATION)
VALUES (001, 123, 'VISA', 3.50, 'V6723G', '2018-02-26 14:37:54', '2018-02-26 15:37:54')

INSERT INTO TRANSACTIONS (LOC_NUM, TRANS_NUM, TRANS_PAY_TYPE, TRANS_PAY_AMOUNT, TRANS_VALIDATION, TRANS_TIME, TRANS_EXPIRATION)
VALUES (001, 124, 'MC', 14.00, 'F8134Z', '2018-02-26 14:44:27', '2018-02-27 14:44:27')

INSERT INTO TRANSACTIONS (LOC_NUM, TRANS_NUM, TRANS_PAY_TYPE, TRANS_PAY_AMOUNT, TRANS_VALIDATION, TRANS_TIME, TRANS_EXPIRATION)
VALUES (001, 125, 'AMEX', 3.50, 'HJ698L', '2018-03-01 08:22:11', '2018-03-01 09:22:11')

INSERT INTO TRANSACTIONS (LOC_NUM, TRANS_NUM, TRANS_PAY_TYPE, TRANS_PAY_AMOUNT, TRANS_VALIDATION, TRANS_TIME, TRANS_EXPIRATION)
VALUES (001, 126, 'DEBIT', 7.00, 'KL456F', '2018-03-02 10:43:12', '2018-03-02 12:43:12')

INSERT INTO TRANSACTIONS (LOC_NUM, TRANS_NUM, TRANS_PAY_TYPE, TRANS_PAY_AMOUNT, TRANS_VALIDATION, TRANS_TIME, TRANS_EXPIRATION)
VALUES (001, 127, 'CASH', 10.50, 'ZA123C', '2018-03-03 13:01:10', '2018-03-03 14:01:10')

INSERT INTO TRANSACTIONS (LOC_NUM, TRANS_NUM, TRANS_PAY_TYPE, TRANS_PAY_AMOUNT, TRANS_VALIDATION, TRANS_TIME, TRANS_EXPIRATION)
VALUES (001, 128, 'VISA', 3.50, 'DSF45D', '2018-03-05 15:22:21', '2018-03-05 16:22:21')

INSERT INTO TRANSACTIONS (LOC_NUM, TRANS_NUM, TRANS_PAY_TYPE, TRANS_PAY_AMOUNT, TRANS_VALIDATION, TRANS_TIME, TRANS_EXPIRATION)
VALUES (001, 129, 'MC', 14.00, 'WQ21WE', '2018-03-06 08:02:12', '2018-03-07 08:02:12')

INSERT INTO TRANSACTIONS (LOC_NUM, TRANS_NUM, TRANS_PAY_TYPE, TRANS_PAY_AMOUNT, TRANS_VALIDATION, TRANS_TIME, TRANS_EXPIRATION)
VALUES (001, 130, 'AMEX', 3.50, 'EL515E', '2018-03-07 08:25:26', '2018-03-07 09:25:26')

INSERT INTO TRANSACTIONS (LOC_NUM, TRANS_NUM, TRANS_PAY_TYPE, TRANS_PAY_AMOUNT, TRANS_VALIDATION, TRANS_TIME, TRANS_EXPIRATION)
VALUES (001, 131, 'DEBIT', 7.00, 'FD121F', '2018-03-07 10:59:35', '2018-03-07 12:59:35')

INSERT INTO TRANSACTIONS (LOC_NUM, TRANS_NUM, TRANS_PAY_TYPE, TRANS_PAY_AMOUNT, TRANS_VALIDATION, TRANS_TIME, TRANS_EXPIRATION)
VALUES (001, 132, 'CASH', 10.50, '542547', '2018-03-08 09:01:10', '2018-03-08 12:01:10')

INSERT INTO TRANSACTIONS (LOC_NUM, TRANS_NUM, TRANS_PAY_TYPE, TRANS_PAY_AMOUNT, TRANS_VALIDATION, TRANS_TIME, TRANS_EXPIRATION)
VALUES (001, 133, 'CASH', 12.50, '542523', '2018-03-08 09:01:10', '2018-03-08 12:01:10')

-- LOC_NUM 2

INSERT INTO TRANSACTIONS (LOC_NUM, TRANS_NUM, TRANS_PAY_TYPE, TRANS_PAY_AMOUNT, TRANS_VALIDATION, TRANS_TIME, TRANS_EXPIRATION)
VALUES (002, 127, 'CASH', 10.50, 'Zb223C', '2018-03-03 13:01:10', '2018-03-03 14:01:10')

INSERT INTO TRANSACTIONS (LOC_NUM, TRANS_NUM, TRANS_PAY_TYPE, TRANS_PAY_AMOUNT, TRANS_VALIDATION, TRANS_TIME, TRANS_EXPIRATION)
VALUES (002, 128, 'VISA', 3.50, 'ABF45D', '2018-03-05 15:22:21', '2018-03-05 16:22:21')

INSERT INTO TRANSACTIONS (LOC_NUM, TRANS_NUM, TRANS_PAY_TYPE, TRANS_PAY_AMOUNT, TRANS_VALIDATION, TRANS_TIME, TRANS_EXPIRATION)
VALUES (002, 129, 'MC', 14.00, 'XY21WE', '2018-03-06 08:02:12', '2018-03-07 08:02:12')

-- create NOTICE entity

CREATE TABLE NOTICE(
	NOTICE_NUM VARCHAR(10) NOT NULL,
	EMP_ID CHAR(8) NOT NULL,
	NOTICE_DATE DATETIME NOT NULL,
	LOC_NUM INT NOT NULL,
	NOTICE_PROVINCE CHAR(2) NOT NULL,
	NOTICE_LICENCE_PLATE VARCHAR(10) NOT NULL,
	NOTICE_MAKE VARCHAR(15),
	NOTICE_MODEL VARCHAR(15),
	PRIMARY KEY(NOTICE_NUM,EMP_ID),
	FOREIGN KEY(EMP_ID) REFERENCES EMPLOYEE,
	FOREIGN KEY(LOC_NUM) REFERENCES LOCATION);

-- populate NOTICE
INSERT INTO NOTICE (NOTICE_NUM, EMP_ID, NOTICE_DATE, LOC_NUM, NOTICE_PROVINCE, NOTICE_LICENCE_PLATE, NOTICE_MAKE, NOTICE_MODEL)
VALUES ('DD0016321', 001, '2020-01-05 08:25:00', 001, 'BC', 'DG546H', 'Toyota', 'Prius')

INSERT INTO NOTICE (NOTICE_NUM, EMP_ID, NOTICE_DATE, LOC_NUM, NOTICE_PROVINCE, NOTICE_LICENCE_PLATE, NOTICE_MAKE, NOTICE_MODEL)
VALUES ('DD0016322', 002, '2020-01-05 09:36:00', 002, 'BC', 'AS785K', 'Honda', 'Civic')

INSERT INTO NOTICE (NOTICE_NUM, EMP_ID, NOTICE_DATE, LOC_NUM, NOTICE_PROVINCE, NOTICE_LICENCE_PLATE, NOTICE_MAKE, NOTICE_MODEL)
VALUES ('DD0016323', 003, '2020-01-05 10:07:00', 003, 'BC', 'BC465D', 'Chrysler', 'Malibu')

INSERT INTO NOTICE (NOTICE_NUM, EMP_ID, NOTICE_DATE, LOC_NUM, NOTICE_PROVINCE, NOTICE_LICENCE_PLATE, NOTICE_MAKE, NOTICE_MODEL)
VALUES ('DD0016324', 004, '2020-01-05 12:37:00', 004, 'BC', 'SD456F', 'Toyota', 'Corolla')

INSERT INTO NOTICE (NOTICE_NUM, EMP_ID, NOTICE_DATE, LOC_NUM, NOTICE_PROVINCE, NOTICE_LICENCE_PLATE, NOTICE_MAKE, NOTICE_MODEL)
VALUES ('DD0016325', 005, '2020-01-05 13:05:00', 005, 'BC', 'DF457H', 'Hyundai', 'Tuscon')

INSERT INTO NOTICE (NOTICE_NUM, EMP_ID, NOTICE_DATE, LOC_NUM, NOTICE_PROVINCE, NOTICE_LICENCE_PLATE, NOTICE_MAKE, NOTICE_MODEL)
VALUES ('DD0016326', 006, '2020-01-05 13:27:00', 006, 'BC', 'HJ547K', 'Hyundai', 'Accent')

INSERT INTO NOTICE (NOTICE_NUM, EMP_ID, NOTICE_DATE, LOC_NUM, NOTICE_PROVINCE, NOTICE_LICENCE_PLATE, NOTICE_MAKE, NOTICE_MODEL)
VALUES ('DD0016327', 007, '2020-01-05 14:55:00', 007, 'BC', 'WE527R', 'Toyota', 'Camry')

INSERT INTO NOTICE (NOTICE_NUM, EMP_ID, NOTICE_DATE, LOC_NUM, NOTICE_PROVINCE, NOTICE_LICENCE_PLATE, NOTICE_MAKE, NOTICE_MODEL)
VALUES ('DD0016328', 008, '2020-01-05 15:05:00', 008, 'BC', 'DG754G', 'BMW', 'X5')

INSERT INTO NOTICE (NOTICE_NUM, EMP_ID, NOTICE_DATE, LOC_NUM, NOTICE_PROVINCE, NOTICE_LICENCE_PLATE, NOTICE_MAKE, NOTICE_MODEL)
VALUES ('DD0016329', 009, '2020-01-05 16:37:00', 009, 'BC', 'OP542I', 'Jeep', 'Wrangler')

INSERT INTO NOTICE (NOTICE_NUM, EMP_ID, NOTICE_DATE, LOC_NUM, NOTICE_PROVINCE, NOTICE_LICENCE_PLATE, NOTICE_MAKE, NOTICE_MODEL)
VALUES ('DD0016330', 010, '2020-01-05 17:30:00', 010, 'BC', 'CM475Q', 'Honda', 'Accord')

INSERT INTO NOTICE (NOTICE_NUM, EMP_ID, NOTICE_DATE, LOC_NUM, NOTICE_PROVINCE, NOTICE_LICENCE_PLATE, NOTICE_MAKE, NOTICE_MODEL)
VALUES ('DD0016331', 010, '2020-01-04 17:30:00', 009, 'BC', 'DG754G', 'BMW', 'X5')

-- create INFRACTION_LINE entity

CREATE TABLE INFRACTION_LINE(
	NOTICE_NUM VARCHAR(10) NOT NULL,
	LINE_NUM INT NOT NULL,
	EMP_ID CHAR(8) NOT NULL,
	INFRACTION_DETAILS VARCHAR(100) NOT NULL,
	PRIMARY KEY(NOTICE_NUM, LINE_NUM),
	FOREIGN KEY(NOTICE_NUM,EMP_ID) REFERENCES NOTICE);

-- populate INFRACTION_LINE
INSERT INTO INFRACTION_LINE(NOTICE_NUM, LINE_NUM, EMP_ID, INFRACTION_DETAILS)
VALUES ('DD0016321', 1, 001, 'Double Parked')

INSERT INTO INFRACTION_LINE(NOTICE_NUM, LINE_NUM, EMP_ID, INFRACTION_DETAILS)
VALUES ('DD0016321', 2, 001, 'Parked In A Reserved Stall')

INSERT INTO INFRACTION_LINE(NOTICE_NUM, LINE_NUM, EMP_ID, INFRACTION_DETAILS)
VALUES ('DD0016322', 1, 002, 'Parked In A Reserved Stall')

INSERT INTO INFRACTION_LINE(NOTICE_NUM, LINE_NUM, EMP_ID, INFRACTION_DETAILS)
VALUES ('DD0016323', 1, 003, 'Vehicle Has No Valid Parking Permit')

INSERT INTO INFRACTION_LINE(NOTICE_NUM, LINE_NUM, EMP_ID, INFRACTION_DETAILS)
VALUES ('DD0016324', 1, 004, 'Parked In Handicap Space')

INSERT INTO INFRACTION_LINE(NOTICE_NUM, LINE_NUM, EMP_ID, INFRACTION_DETAILS)
VALUES ('DD0016325', 1, 005, 'Vehicle Has No Valid Parking Permit')

INSERT INTO INFRACTION_LINE(NOTICE_NUM, LINE_NUM, EMP_ID, INFRACTION_DETAILS)
VALUES ('DD0016326', 1, 006, 'Double Parked')

INSERT INTO INFRACTION_LINE(NOTICE_NUM, LINE_NUM, EMP_ID, INFRACTION_DETAILS)
VALUES ('DD0016327', 1, 007, 'Parked In A Reserved Stall')

INSERT INTO INFRACTION_LINE(NOTICE_NUM, LINE_NUM, EMP_ID, INFRACTION_DETAILS)
VALUES ('DD0016328', 1, 008, 'Parked In A Reserved Stall')

INSERT INTO INFRACTION_LINE(NOTICE_NUM, LINE_NUM, EMP_ID, INFRACTION_DETAILS)
VALUES ('DD0016329', 1, 009, 'Vehicle Has No Valid Parking Permit')

INSERT INTO INFRACTION_LINE(NOTICE_NUM, LINE_NUM, EMP_ID, INFRACTION_DETAILS)
VALUES ('DD0016330', 1, 010, 'Vehicle Has No Valid Parking Permit')


-- create PATROL_CAR entity

CREATE TABLE PATROL_CAR(
	CAR_NUM VARCHAR(6) NOT NULL PRIMARY KEY,
	CAR_MAKE VARCHAR(15),
	CAR_MODEL VARCHAR(15),
	CAR_VIN VARCHAR(17) NOT NULL)

-- populate PATROL_CAR
INSERT INTO PATROL_CAR (CAR_NUM, CAR_MAKE, CAR_MODEL, CAR_VIN)
VALUES (1, 'TOYOTA', 'PRIUS', '1HGGH45JF91FG45KL') 

INSERT INTO PATROL_CAR (CAR_NUM, CAR_MAKE, CAR_MODEL, CAR_VIN)
VALUES (2, 'TOYOTA', 'PRIUS', '1LGJH47JA91UG49NM')

INSERT INTO PATROL_CAR (CAR_NUM, CAR_MAKE, CAR_MODEL, CAR_VIN)
VALUES (3, 'CHEVY', 'SONIC', '2MPPH49UA93GG12VC')

INSERT INTO PATROL_CAR (CAR_NUM, CAR_MAKE, CAR_MODEL, CAR_VIN)
VALUES (4, 'TOYOTA', 'PRIUS', '3PZXH45YT9145F5OP')

INSERT INTO PATROL_CAR (CAR_NUM, CAR_MAKE, CAR_MODEL, CAR_VIN)
VALUES (5, 'FORD', 'RANGER', '2XGLP34KI67AS09BE')

INSERT INTO PATROL_CAR (CAR_NUM, CAR_MAKE, CAR_MODEL, CAR_VIN)
VALUES (6, 'VOLKSWAGEN', 'GOLF', '8U2974JF91ADF09UT')

INSERT INTO PATROL_CAR (CAR_NUM, CAR_MAKE, CAR_MODEL, CAR_VIN)
VALUES (7, 'CHEVY', 'SONIC', '1GYFK63878R248711')

INSERT INTO PATROL_CAR (CAR_NUM, CAR_MAKE, CAR_MODEL, CAR_VIN)
VALUES (8, 'TOYOTA', 'PRIUS', '3B7KF23Z91G223647')

INSERT INTO PATROL_CAR (CAR_NUM, CAR_MAKE, CAR_MODEL, CAR_VIN)
VALUES (9, 'FORD', 'RANGER', '4S3BJ6329M1918965')

INSERT INTO PATROL_CAR (CAR_NUM, CAR_MAKE, CAR_MODEL, CAR_VIN)
VALUES (10, 'VOLKSWAGEN', 'GOLF', 'JM3TB2MA5A0235007')


-- create PATROL_UNIT entity

CREATE TABLE PATROL_UNIT(
	EMP_ID CHAR(8) NOT NULL,
	CAR_NUM VARCHAR(6) NOT NULL,
	PATROL_CITY VARCHAR(30) NOT NULL,
	PRIMARY KEY(EMP_ID,CAR_NUM),
	FOREIGN KEY(EMP_ID) REFERENCES EMPLOYEE,
	FOREIGN KEY(CAR_NUM) REFERENCES PATROL_CAR);

-- populate PATROL_UNIT
INSERT INTO PATROL_UNIT (EMP_ID, CAR_NUM, PATROL_CITY)
VALUES (001, 1, 'VANCOUVER WEST')

INSERT INTO PATROL_UNIT (EMP_ID, CAR_NUM, PATROL_CITY)
VALUES (002, 1, 'VANCOUVER EAST')

INSERT INTO PATROL_UNIT (EMP_ID, CAR_NUM, PATROL_CITY)
VALUES (001, 2, 'VANCOUVER SOUTH')

INSERT INTO PATROL_UNIT (EMP_ID, CAR_NUM, PATROL_CITY)
VALUES (002, 2, 'VANCOUVER NORTH')

INSERT INTO PATROL_UNIT (EMP_ID, CAR_NUM, PATROL_CITY)
VALUES (003, 3, 'BURNABY')

INSERT INTO PATROL_UNIT (EMP_ID, CAR_NUM, PATROL_CITY)
VALUES (003, 4, 'NEW WESTMINSTER')

INSERT INTO PATROL_UNIT (EMP_ID, CAR_NUM, PATROL_CITY)
VALUES (004, 5, 'SURREY')

INSERT INTO PATROL_UNIT (EMP_ID, CAR_NUM, PATROL_CITY)
VALUES (004, 6, 'ABBOTSFORD')

INSERT INTO PATROL_UNIT (EMP_ID, CAR_NUM, PATROL_CITY)
VALUES (005, 8, 'SURREY')

INSERT INTO PATROL_UNIT (EMP_ID, CAR_NUM, PATROL_CITY)
VALUES (006, 10, 'ABBOTSFORD')

--create VISIT_LOG entity

CREATE TABLE VISIT_LOG(
	VIS_LOG_NUM VARCHAR(10) NOT NULL,
	LOC_NUM INT NOT NULL,
	EMP_ID CHAR(8) NOT NULL,
	CAR_NUM VARCHAR(6) NOT NULL,
	VIS_TIMEIN DATETIME NOT NULL,
	VIS_TIMEOUT DATETIME NOT NULL,
	VIS_NUM_NOTICES INT,
	PRIMARY KEY(VIS_LOG_NUM,LOC_NUM,EMP_ID,CAR_NUM),
	FOREIGN KEY(LOC_NUM) REFERENCES LOCATION,
	FOREIGN KEY(EMP_ID,CAR_NUM) REFERENCES PATROL_UNIT);


-- populate VISIT_LOG

INSERT INTO VISIT_LOG (VIS_LOG_NUM, LOC_NUM, EMP_ID, CAR_NUM, VIS_TIMEIN, VIS_TIMEOUT, VIS_NUM_NOTICES)
VALUES (45, 001, 001, 1, '2020-03-01 08:12:30', '2020-03-01 08:40:00', 7) 

INSERT INTO VISIT_LOG (VIS_LOG_NUM, LOC_NUM, EMP_ID, CAR_NUM, VIS_TIMEIN, VIS_TIMEOUT, VIS_NUM_NOTICES)
VALUES (46, 002, 002, 1, '2020-03-01 09:20:05', '2020-03-01 10:45:00', 2) 

INSERT INTO VISIT_LOG (VIS_LOG_NUM, LOC_NUM, EMP_ID, CAR_NUM, VIS_TIMEIN, VIS_TIMEOUT, VIS_NUM_NOTICES)
VALUES (47, 002, 001, 2, '2020-03-01 11:01:30', '2020-03-01 12:45:00', 2) 

INSERT INTO VISIT_LOG (VIS_LOG_NUM, LOC_NUM, EMP_ID, CAR_NUM, VIS_TIMEIN, VIS_TIMEOUT, VIS_NUM_NOTICES)
VALUES (48, 003, 003, 3, '2020-03-02 08:10:30', '2020-03-02 15:10:00', 5) 

INSERT INTO VISIT_LOG (VIS_LOG_NUM, LOC_NUM, EMP_ID, CAR_NUM, VIS_TIMEIN, VIS_TIMEOUT, VIS_NUM_NOTICES)
VALUES (49, 004, 003, 4, '2020-03-03 08:12:15', '2020-03-03 16:15:00', 10) 

INSERT INTO VISIT_LOG (VIS_LOG_NUM, LOC_NUM, EMP_ID, CAR_NUM, VIS_TIMEIN, VIS_TIMEOUT, VIS_NUM_NOTICES)
VALUES (50, 005, 004, 5, '2020-03-03 09:30:20', '2020-03-09 13:40:00', 1) 

INSERT INTO VISIT_LOG (VIS_LOG_NUM, LOC_NUM, EMP_ID, CAR_NUM, VIS_TIMEIN, VIS_TIMEOUT, VIS_NUM_NOTICES)
VALUES (51, 005, 004, 5, '2020-03-03 14:30:15', '2020-03-03 18:40:00', 0) 

INSERT INTO VISIT_LOG (VIS_LOG_NUM, LOC_NUM, EMP_ID, CAR_NUM, VIS_TIMEIN, VIS_TIMEOUT, VIS_NUM_NOTICES)
VALUES (52, 006, 005, 8, '2020-03-04 08:12:30', '2020-03-04 09:10:00', 7) 

INSERT INTO VISIT_LOG (VIS_LOG_NUM, LOC_NUM, EMP_ID, CAR_NUM, VIS_TIMEIN, VIS_TIMEOUT, VIS_NUM_NOTICES)
VALUES (53, 006, 005, 8, '2020-03-04 12:30:30', '2020-03-04 16:30:00', 2) 

INSERT INTO VISIT_LOG (VIS_LOG_NUM, LOC_NUM, EMP_ID, CAR_NUM, VIS_TIMEIN, VIS_TIMEOUT, VIS_NUM_NOTICES)
VALUES (54, 007, 006, 10, '2020-03-05 08:01:30', '2020-03-05 12:30:00', 4) 

INSERT INTO VISIT_LOG (VIS_LOG_NUM, LOC_NUM, EMP_ID, CAR_NUM, VIS_TIMEIN, VIS_TIMEOUT, VIS_NUM_NOTICES)
VALUES (55, 006, 005, 8, '2020-03-05 08:01:30', '2020-03-05 12:30:00', 3) 


